{"classes": {"0": [[15.79801035217736, 31.260471827942137, 0.8840797262156475], [16.74053670757207, 43.66049780438126, 6.072302119130529], [40.05989445112903, 10.945796612877318, 18.94326129208073], [10.82840270470255, 9.517366468130712, 36.58578633752693], [18.07385538650254, 7.8480574902571485, 29.37674155721513], [48.77422692237613, 12.295023269224338, 16.854242484378656], [23.105077258269823, 29.543013025278647, 0.5282188662345422], [9.827209017691441, 39.70801061989565, 31.866155298040017], [29.03495766415106, 43.46162830222396, 20.75315177923434], [32.21629799015708, 24.379012373275856, 27.965958090875944], [25.547829678668617, 48.30306526873641, 4.823593039550489], [20.850031990070157, 17.697702589765107, 31.19510762258929], [12.436803399258183, 0.943598552879632, 17.071319258835143], [26.68677305012006, 19.644097943768042, 25.704260428352942], [46.771689002886525, 2.0960666873729936, 19.055310852493857], [32.85192569856542, 29.06448318896772, 29.86329328220045], [41.06284703282379, 37.08850160620323, 47.82401921735286], [20.83483939483477, 15.545107492695198, 2.3692515780322996], [12.328837165183643, 18.612969307180222, 10.761467367348137], [6.801588268735354, 9.097755238778376, 17.17690239200546]], "1": [[40.30711487000193, 66.41469017405764, 64.7009003448613], [69.32834024668006, 99.94028848704683, 104.22113191259854], [51.02287519546046, 92.47029836528506, 60.347964184962684], [57.13322827084765, 69.8528657962689, 70.7409571975963], [79.27368672932815, 77.98971962634597, 81.70110916322885], [63.4508977574497, 58.811287769080565, 83.38479593664457], [85.70005326653225, 87.68641235471286, 60.1983744036982], [65.2056947512763, 97.31695151770293, 81.75785176979653], [88.40190199596827, 58.82628106753451, 81.52133083824015], [67.52336787315357, 91.53367056750932, 91.05555807918672], [43.89523255639704, 95.30851109517587, 95.24900611392282], [54.30578874431377, 51.83964681004674, 85.24894687535068], [82.79488030248707, 66.4168365233791, 73.07030510449286], [42.46522114999676, 56.35720125193848, 62.566506291993164], [61.82671407979912, 81.71422070217784, 77.0917507045472], [65.1959593854749, 54.09579765369632, 80.88375594594581], [88.60913830853161, 93.69128291468131, 88.68687380605546], [72.19572385018978, 52.07913690212899, 109.07616376059548], [59.80069010586545, 52.711077054237826, 79.29875791994375], [66.77933806132278, 99.0722849676999, 98.52206145284342]]}, "parameters": {"(0, 1)": [[1.0000697229653703], [-0.0047168180935543156], [-0.007066667162222829], [-0.00702662924875233]]}, "GDA": {"(0, 1)": {"phi": 0.5121951219512195, "sigma": [[176.98069827332242, 12.769967566212316, 35.00801633514847], [12.769967566212316, 257.6422895189843, 10.934464402215928], [35.00801633514847, 10.934464402215928, 171.48037126493517]], "c1_mean": [24.531581656793783, 22.535611283491694, 19.783721129484668], "c2_mean": [65.26079237505382, 75.20642308003535, 81.46620509032522]}}}