{"classes": {"0": [[53.38098919584009, 49.26263484853318], [12.712883880603043, 21.86469109412885], [5.347643232113675, 92.45240076117688], [39.40594423077015, 82.37195180030284], [38.51888514944382, 63.55099579651197], [18.168068362884938, 9.731775226664086], [28.912565079528243, 74.19478710630058], [16.65553616501828, 94.6256981506684], [14.04575293104735, 56.12644349775824], [34.96705115983478, 34.65116558321342], [44.604516025041505, 71.0702457730734], [25.199981870897304, 86.69937608110834], [49.68667828032578, 46.12084864314936], [69.45628633564044, 15.807503392450606], [64.22504559885539, 68.11550053834678], [22.817678907779694, 39.46161042646323], [38.03273675905806, 52.049679248651735], [51.60693399532876, 46.93214583501858], [99.69793309750264, 47.06890612272638], [87.69374175401548, 84.15141675256437], [41.182244041979764, 31.661046571497188], [99.24403298538685, 39.633058499655924], [80.73731288836466, 48.83935776318573], [36.05351404486188, 83.0263366395791], [35.93636948617656, 58.722147838633845], [58.42927801333053, 43.013735313360336], [6.304874960424156, 8.096547773746964], [5.2564837195117065, 43.23119297318805], [20.41787286694342, 49.059728356956164], [85.68440872174949, 70.67582331711994]], "1": [[146.51661301422251, 119.06335216074963], [113.99106758879546, 96.4858361829339], [75.86097655972222, 99.54703433713351], [136.88893235323195, 207.5889447051058], [122.26488180608254, 184.34699740383041], [103.01568951451587, 143.57131617683993], [100.60976748132703, 192.3068385446478], [87.82909503814545, 154.33506544901047], [106.7019780066886, 200.50525241006866], [114.6156695904672, 185.75306161278925], [111.78139000600567, 157.0859313455], [127.42901270780685, 194.33183230280207], [104.60049080153374, 114.62196057799436], [124.99602842777907, 100.27253686564512], [119.7528923462567, 141.9315917066682], [125.64349097800455, 141.9502696541623], [108.0153973256798, 178.85411118836424], [115.04153677136256, 131.6376152904407], [70.44621055964868, 128.67036939503515], [77.86041007234658, 142.8978952770235], [88.60229357118358, 165.67484613205806], [129.56418900772653, 193.1244324431249], [55.24477939058704, 143.15621060768828], [139.24714912925145, 209.90412250964653], [149.93083095312028, 123.76826436026103]], "2": [[186.66301512232656, 96.54981560962693], [174.38023184901942, 109.7998780291839], [122.23244505537757, 95.28150393192044], [188.67840260322754, 44.15591216222661], [174.9854818808858, 21.67002547944507], [161.2674360619767, 48.86469434715033], [190.15460882143336, 33.761194495412525], [143.8252011187782, 114.35352463437565], [121.8528857845608, 95.21332614703198], [196.78950044796898, 89.65447324424689], [115.10822895676837, 99.62738553458209], [157.45914588320227, 92.88429134898739], [162.56409455166647, 88.23464964219693], [188.19299488997942, 90.61233666551803], [159.92336700211905, 90.98266391748881], [195.700874973294, 38.15026618614358], [155.61052286021203, 32.77122467897536], [105.1187149337888, 101.21484011751181], [162.40772765363133, 97.60061391806713], [103.27758114486389, 105.97513538946859], [181.65340621095135, 64.53341240142396], [150.68155605091493, 95.72732833795742], [173.9109017969849, 51.497156179493075], [108.4594669544972, 58.335756816664926], [106.5324263652914, 96.13666159321969], [116.2165904190146, 108.1264195591558], [197.44526131539646, 106.6837729697624], [156.44121375280804, 52.445038699072704], [110.20306362178624, 113.98452907091313], [164.2430609317423, 103.99652971768717], [175.44443525504366, 22.42437730282421], [130.8609485258107, 117.37709422144503]]}, "parameters": {"(0, 1)": [[1.0000379215467623], [-0.006315842596073972], [-0.005199681647810764]], "(0, 2)": [[1.0000353333213625], [-0.005840971039025781], [-0.005230816618138909]], "(1, 2)": [[3.3287516385206156e-05], [-0.051770437321909904], [0.057441518570145206]]}, "GDA": {"(0, 1)": {"phi": 0.4642857142857143, "sigma": [[654.7844438967106, 90.96468987180245], [90.96468987180245, 845.0021276503514]], "c1_mean": [42.812774791341944, 53.742291724191126], "c2_mean": [110.25803092005967, 154.05542754558098]}, "(0, 2)": {"phi": 0.5238095238095238, "sigma": [[839.0923382972935, -192.37464667674956], [-192.37464667674956, 710.6061724197756]], "c1_mean": [42.812774791341944, 53.742291724191126], "c2_mean": [154.3213997748538, 80.58205726091185]}, "(1, 2)": {"phi": 0.5689655172413793, "sigma": [[767.3287252728114, -142.34289320281292], [-142.34289320281292, 1013.8774166366557]], "c1_mean": [110.25803092005967, 154.05542754558098], "c2_mean": [154.3213997748538, 80.58205726091185]}}}