{"classes": {"0": [[32.41887680043604, 29.007435436549528], [16.276096407368083, 20.893094152439435], [5.5432756944200134, 20.894214547335427], [39.793137371769, 19.46886762797499], [34.05998410470369, 27.127777138244756], [2.0552315070051117, 28.03773724501361], [11.44461273588641, 46.22975512505045], [25.347443207861804, 38.77571266030755], [32.710175937480244, 13.179699598225614], [45.723274984511605, 49.65832610467112], [18.91131926337425, 12.86336849936654], [37.99757242943555, 16.08686544000124], [1.6885332500221617, 47.72137720704413], [18.93627377240108, 28.197532953981025], [8.852271052123161, 40.04463256476056], [6.965081156849223, 49.20086522437093], [30.59910814694095, 17.01926554274887], [11.923961973296004, 38.79698796096063], [17.804565074341483, 23.705992901755973], [36.1790008198901, 3.8119752341429]], "1": [[108.03178873723705, 81.96021796808306], [74.61517535395302, 71.01239724577263], [60.933081835004295, 51.30716182636451], [62.8359692754738, 78.60358571113937], [82.28447448056639, 57.16824076644122], [75.44490411426989, 67.20461046171513], [104.37575919963513, 71.79543107111706], [62.784313327345934, 75.09495132735017], [118.23304783402683, 96.65940027586097], [69.52469835979477, 62.37089464926095], [107.97788581283393, 61.71970570776325], [80.82742321039288, 69.23857106517788], [81.9333425958806, 73.33193764246943], [101.27420002667441, 79.70666671255908], [83.52845351354722, 78.1369796603208]]}, "parameters": {"(0, 1)": [[1.0000988412547234], [-0.009560657965000488], [-0.00892961575760162]]}, "GDA": {"(0, 1)": {"phi": 0.4444444444444444, "sigma": [[239.8146684608749, 3.3354342235739978], [3.3354342235739978, 149.664159418036]], "c1_mean": [21.7614897845058, 28.536074158247267], "c2_mean": [84.97363451177574, 71.6873834727597]}}}