{"classes": {"0": [[0.8530509336996384], [4.140631229339253], [0.2247154648933669], [8.8219009947062], [6.143196029040721], [5.645537362652329], [1.6256690497127002], [6.159984962385464], [8.390559915579981], [0.5178203537765036]], "1": [[12.886860102463672], [13.958161324162944], [14.54715947382185], [15.045394281674575], [8.343099542629842], [11.07087614668904], [16.548594193063842], [9.46378228549362], [11.448324202311579], [10.797857685959631], [19.250913522094468], [18.041796601801533], [8.276766647960187], [10.529816379951743], [14.579712270847336]]}, "parameters": {"(0, 1)": [[1.0098539795414407], [-0.12100175282927411]]}, "GDA": {"(0, 1)": {"phi": 0.6153846153846154, "sigma": [[10.258579083825417]], "c1_mean": [4.252306629578615], "c2_mean": [12.985940977395057]}}}